Workbook

Sheet data1
A1: Order ID | B1: Product ID | C1: Qty | D1: Key | E1: Status
A2: CA-2014-100090 | B2: FUR-TA-10003715 | C2: 3 | D2: =A2&"_"&B2 -> CA-2014-100090_FUR-TA-10003715 | E2: =IF(COUNTIF(data2!$D:$D,D2)=0,"Missing in Data2","Present") -> Present
A3: CA-2014-100090 | B3: OFF-BI-10001597 | C3: 6 | D3: =A3&"_"&B3 -> CA-2014-100090_OFF-BI-10001597 | E3: =IF(COUNTIF(data2!$D:$D,D3)=0,"Missing in Data2","Present") -> Present
A4: CA-2014-100293 | B4: OFF-PA-10000176 | C4: 6 | D4: =A4&"_"&B4 -> CA-2014-100293_OFF-PA-10000176 | E4: =IF(COUNTIF(data2!$D:$D,D4)=0,"Missing in Data2","Present") -> Present | F4: Q1 | G4: Count of Missing in Data2
A5: CA-2014-100328 | B5: OFF-BI-10000343 | C5: 1 | D5: =A5&"_"&B5 -> CA-2014-100328_OFF-BI-10000343 | E5: =IF(COUNTIF(data2!$D:$D,D5)=0,"Missing in Data2","Present") -> Present | G5: =COUNTIF(E:E,"Missing in Data2") -> 506
A6: CA-2014-100363 | B6: OFF-FA-10000611 | C6: 2 | D6: =A6&"_"&B6 -> CA-2014-100363_OFF-FA-10000611 | E6: =IF(COUNTIF(data2!$D:$D,D6)=0,"Missing in Data2","Present") -> Present
A7: CA-2014-100363 | B7: OFF-PA-10004733 | C7: 3 | D7: =A7&"_"&B7 -> CA-2014-100363_OFF-PA-10004733 | E7: =IF(COUNTIF(data2!$D:$D,D7)=0,"Missing in Data2","Present") -> Present
A8: CA-2014-100391 | B8: OFF-PA-10001471 | C8: 2 | D8: =A8&"_"&B8 -> CA-2014-100391_OFF-PA-10001471 | E8: =IF(COUNTIF(data2!$D:$D,D8)=0,"Missing in Data2","Present") -> Present
A9: CA-2014-100678 | B9: FUR-CH-10002602 | C9: 3 | D9: =A9&"_"&B9 -> CA-2014-100678_FUR-CH-10002602 | E9: =IF(COUNTIF(data2!$D:$D,D9)=0,"Missing in Data2","Present") -> Present
A10: CA-2014-100678 | B10: OFF-AR-10001868 | C10: 2 | D10: =A10&"_"&B10 -> CA-2014-100678_OFF-AR-10001868 | E10: =IF(COUNTIF(data2!$D:$D,D10)=0,"Missing in Data2","Present") -> Present
A11: CA-2014-100678 | B11: OFF-EN-10000056 | C11: 3 | D11: =A11&"_"&B11 -> CA-2014-100678_OFF-EN-10000056 | E11: =IF(COUNTIF(data2!$D:$D,D11)=0,"Missing in Data2","Present") -> Missing in Data2
A12: CA-2014-100678 | B12: TEC-AC-10000474 | C12: 3 | D12: =A12&"_"&B12 -> CA-2014-100678_TEC-AC-10000474 | E12: =IF(COUNTIF(data2!$D:$D,D12)=0,"Missing in Data2","Present") -> Present
A13: CA-2014-100706 | B13: FUR-FU-10002268 | C13: 6 | D13: =A13&"_"&B13 -> CA-2014-100706_FUR-FU-10002268 | E13: =IF(COUNTIF(data2!$D:$D,D13)=0,"Missing in Data2","Present") -> Present
A14: CA-2014-100762 | B14: OFF-AR-10000380 | C14: 4 | D14: =A14&"_"&B14 -> CA-2014-100762_OFF-AR-10000380 | E14: =IF(COUNTIF(data2!$D:$D,D14)=0,"Missing in Data2","Present") -> Present
A15: CA-2014-100762 | B15: OFF-LA-10003930 | C15: 2 | D15: =A15&"_"&B15 -> CA-2014-100762_OFF-LA-10003930 | E15: =IF(COUNTIF(data2!$D:$D,D15)=0,"Missing in Data2","Present") -> Present
A16: CA-2014-100762 | B16: OFF-PA-10004082 | C16: 2 | D16: =A16&"_"&B16 -> CA-2014-100762_OFF-PA-10004082 | E16: =IF(COUNTIF(data2!$D:$D,D16)=0,"Missing in Data2","Present") -> Present
A17: CA-2014-100860 | B17: OFF-LA-10001982 | C17: 5 | D17: =A17&"_"&B17 -> CA-2014-100860_OFF-LA-10001982 | E17: =IF(COUNTIF(data2!$D:$D,D17)=0,"Missing in Data2","Present") -> Present
... A9478: US-2017-169551 | B9478: TEC-PH-10001363 | C9478: 2 | D9478: =A9478&"_"&B9478 -> US-2017-169551_TEC-PH-10001363 | E9478: =IF(COUNTIF(data2!$D:$D,D9478)=0,"Missing in Data2","Present") -> Present

Sheet data2
A1: Order ID | B1: Product ID | C1: Qty | D1: Key | E1: Status
A2: CA-2014-100090 | B2: FUR-TA-10003715 | C2: 3 | D2: =A2&"_"&B2 -> CA-2014-100090_FUR-TA-10003715 | E2: =IF(COUNTIF(data1!$D:$D,D2)=0,"Missing in Data1","Present") -> Present
A3: CA-2014-100090 | B3: OFF-BI-10001597 | C3: 6 | D3: =A3&"_"&B3 -> CA-2014-100090_OFF-BI-10001597 | E3: =IF(COUNTIF(data1!$D:$D,D3)=0,"Missing in Data1","Present") -> Present
A4: CA-2014-100293 | B4: OFF-PA-10000176 | C4: 6 | D4: =A4&"_"&B4 -> CA-2014-100293_OFF-PA-10000176 | E4: =IF(COUNTIF(data1!$D:$D,D4)=0,"Missing in Data1","Present") -> Present
A5: CA-2014-100328 | B5: OFF-BI-10000343 | C5: 1 | D5: =A5&"_"&B5 -> CA-2014-100328_OFF-BI-10000343 | E5: =IF(COUNTIF(data1!$D:$D,D5)=0,"Missing in Data1","Present") -> Present
A6: CA-2014-100363 | B6: OFF-FA-10000611 | C6: 2 | D6: =A6&"_"&B6 -> CA-2014-100363_OFF-FA-10000611 | E6: =IF(COUNTIF(data1!$D:$D,D6)=0,"Missing in Data1","Present") -> Present | F6: Q2 | G6: Count of missing in Data 1 | I6: Q3 | J6: Sum of Qty for records missing in Data1 but present in Data2 | L6: Q4 | M6: Total unique records in Data1 + Data2
A7: CA-2014-100363 | B7: OFF-PA-10004733 | C7: 3 | D7: =A7&"_"&B7 -> CA-2014-100363_OFF-PA-10004733 | E7: =IF(COUNTIF(data1!$D:$D,D7)=0,"Missing in Data1","Present") -> Present | G7: =COUNTIF(E:E,"Missing in Data1") -> 508 | J7: =SUMIF(E:E,"Missing in Data1",C:C) -> 1956 | M7: =COUNTA(_xlfn.UNIQUE(A:A)) -> 4884
A8: CA-2014-100391 | B8: OFF-PA-10001471 | C8: 2 | D8: =A8&"_"&B8 -> CA-2014-100391_OFF-PA-10001471 | E8: =IF(COUNTIF(data1!$D:$D,D8)=0,"Missing in Data1","Present") -> Present
A9: CA-2014-100678 | B9: FUR-CH-10002602 | C9: 3 | D9: =A9&"_"&B9 -> CA-2014-100678_FUR-CH-10002602 | E9: =IF(COUNTIF(data1!$D:$D,D9)=0,"Missing in Data1","Present") -> Present
A10: CA-2014-100678 | B10: OFF-AR-10001868 | C10: 2 | D10: =A10&"_"&B10 -> CA-2014-100678_OFF-AR-10001868 | E10: =IF(COUNTIF(data1!$D:$D,D10)=0,"Missing in Data1","Present") -> Present
A11: CA-2014-100678 | B11: TEC-AC-10000474 | C11: 3 | D11: =A11&"_"&B11 -> CA-2014-100678_TEC-AC-10000474 | E11: =IF(COUNTIF(data1!$D:$D,D11)=0,"Missing in Data1","Present") -> Present
A12: CA-2014-100706 | B12: FUR-FU-10002268 | C12: 6 | D12: =A12&"_"&B12 -> CA-2014-100706_FUR-FU-10002268 | E12: =IF(COUNTIF(data1!$D:$D,D12)=0,"Missing in Data1","Present") -> Present
A13: CA-2014-100706 | B13: TEC-AC-10001314 | C13: 2 | D13: =A13&"_"&B13 -> CA-2014-100706_TEC-AC-10001314 | E13: =IF(COUNTIF(data1!$D:$D,D13)=0,"Missing in Data1","Present") -> Missing in Data1
A14: CA-2014-100762 | B14: OFF-AR-10000380 | C14: 4 | D14: =A14&"_"&B14 -> CA-2014-100762_OFF-AR-10000380 | E14: =IF(COUNTIF(data1!$D:$D,D14)=0,"Missing in Data1","Present") -> Present
A15: CA-2014-100762 | B15: OFF-LA-10003930 | C15: 2 | D15: =A15&"_"&B15 -> CA-2014-100762_OFF-LA-10003930 | E15: =IF(COUNTIF(data1!$D:$D,D15)=0,"Missing in Data1","Present") -> Present
A16: CA-2014-100762 | B16: OFF-PA-10001815 | C16: 3 | D16: =A16&"_"&B16 -> CA-2014-100762_OFF-PA-10001815 | E16: =IF(COUNTIF(data1!$D:$D,D16)=0,"Missing in Data1","Present") -> Missing in Data1
A17: CA-2014-100762 | B17: OFF-PA-10004082 | C17: 2 | D17: =A17&"_"&B17 -> CA-2014-100762_OFF-PA-10004082 | E17: =IF(COUNTIF(data1!$D:$D,D17)=0,"Missing in Data1","Present") -> Present
A18: CA-2014-100860 | B18: OFF-LA-10001982 | C18: 5 | D18: =A18&"_"&B18 -> CA-2014-100860_OFF-LA-10001982 | E18: =IF(COUNTIF(data1!$D:$D,D18)=0,"Missing in Data1","Present") -> Present
A19: CA-2014-100867 | B19: TEC-PH-10004922 | C19: 6 | D19: =A19&"_"&B19 -> CA-2014-100867_TEC-PH-10004922 | E19: =IF(COUNTIF(data1!$D:$D,D19)=0,"Missing in Data1","Present") -> Present
... A9480: US-2017-169551 | B9480: TEC-PH-10001363 | C9480: 2 | D9480: =A9480&"_"&B9480 -> US-2017-169551_TEC-PH-10001363 | E9480: =IF(COUNTIF(data1!$D:$D,D9480)=0,"Missing in Data1","Present") -> Present
